INSERT INTO astronauts (id, name, surname, birthday) VALUES
    (1, 'Дмитрий', 'Жарков', to_date('1984-12-13', 'YYYY-MM-DD')),
    (2, 'Ольга', 'Куликова', to_date('1986-04-07', 'YYYY-MM-DD')),
    (3, 'Алексей', 'Глухов', to_date('1990-07-26', 'YYYY-MM-DD')),
    (4, 'Анастасия', 'Глазунова', to_date('1991-04-20', 'YYYY-MM-DD')),
    (5, 'Евгений', 'Никитин', to_date('1996-02-24', 'YYYY-MM-DD')),
    (6, 'Анастасия', 'Милютина', to_date('1997-11-14', 'YYYY-MM-DD')),
    (7, 'Эвалдас', 'Содейка', to_date('1989-04-13', 'YYYY-MM-DD')),
    (8, 'Ева', 'Зукаускайте', to_date('1990-01-24', 'YYYY-MM-DD')),
    (9, 'Иван', 'Варфоломеев', to_date('1995-01-11', 'YYYY-MM-DD')),
    (10, 'Яна', 'Машарова', to_date('2001-04-30', 'YYYY-MM-DD')),
    (11, 'Егор', 'Романюк', to_date('1998-06-06', 'YYYY-MM-DD')),
    (12, 'Анастасия', 'Пташинская', to_date('2002-12-18', 'YYYY-MM-DD')),
    (13, 'Никита', 'Тришкин', to_date('1992-06-06', 'YYYY-MM-DD')),
    (14, 'Ольга', 'Зенухина', to_date('2000-06-15', 'YYYY-MM-DD')),
    (15, 'Максим', 'Пугачев', to_date('1999-05-24', 'YYYY-MM-DD')),
    (16, 'Кира', 'Оксас', to_date('1999-03-19', 'YYYY-MM-DD')),
    (17, 'Илья', 'Корнев', to_date('1996-12-10', 'YYYY-MM-DD')),
    (18, 'Дарья', 'Жукова', to_date('1994-05-01', 'YYYY-MM-DD')),
    (19, 'Иван', 'Решетников', to_date('2002-06-20', 'YYYY-MM-DD')),
    (20, 'Елизавета', 'Харинова', to_date('2002-03-07', 'YYYY-MM-DD')),
    (21, 'Кирилл', 'Власов', to_date('1995-05-10', 'YYYY-MM-DD')),
    (22, 'Кристина', 'Полунина', to_date('1999-05-06', 'YYYY-MM-DD'));


INSERT INTO positions (id, name) VALUES
    (1, 'Капитан'),
    (2, 'Пилот'),
    (3, 'Ученый'),
    (4, 'Инженер'),
    (5, 'Оператор'),
    (6, 'Врач');


INSERT INTO ais (id, name, version) VALUES
    (1, 'ЭАЛ', '1.0'),
    (2, 'GPT', '4.0'),
    (3, 'GPT', '5.0'),
    (4, 'GPT', '5.1'),
    (5, 'Copilot', 'test');


INSERT INTO spaceships (id, name, ai_id, has_manual_control) VALUES
    (1, 'Тысячелетний сокол', 2, true),
    (2, 'Аргон-1', 3, false),
    (3, 'Одиссей', 4, false),
    (4, 'Эклипс', 4, false),
    (5, 'Леонов', 1, true);


INSERT INTO systems (id, name, distance_from_sun) VALUES
    (1, 'Солнце', 0),
    (2, 'Денеб', 1180000),
    (3, 'Большой свет', 210000000),
    (4, 'Сирма', 34500000),
    (5, 'Абдера', 7000000);


INSERT INTO planets (id, name, size, system_id) VALUES
    (1, 'Меркурий', 4, 1),
    (2, 'Венера', 8, 1),
    (3, 'Земля', 8, 1),
    (4, 'Марс', 7, 1),
    (5, 'Юпитер', 20, 1),
    (6, 'Сатурн', 16, 1),
    (7, 'Уран', 10, 1),
    (8, 'Нептун', 9, 1),

    (9, 'Инферно', 3, 2),
    (10, 'Олимпия', 20, 2),
    (11, 'Единство', 8, 2),
    (12, 'Гиперион', 18, 2),
    (13, 'Гелиос', 2, 2),
    (14, 'Перекати-поле', 3, 2),
    (15, 'Планета Джексона', 4, 2),

    (16, 'Большая скала', 10, 3),
    (17, 'Дворец Тетлара', 14, 3),
    (18, 'Сокровище Ильямы', 18, 3),
    (19, 'Крепость Коджогга', 2, 3),
    (20, 'Жилище Гарбанока', 19, 3),

    (21, 'Тумбатик', 14, 4),
    (22, 'Аскривий', 12, 4),

    (23, 'Нората', 4, 5),
    (24, 'Малкир', 3, 5),
    (25, 'Сурхашт', 2, 5),
    (26, 'Рушита', 8, 5);


INSERT INTO expeditions (id, destination_planet_id, spaceship_id, start_date, end_date) VALUES
    (1, 4, 1, to_date('1999-04-24', 'YYYY-MM-DD'), to_date('1999-05-12', 'YYYY-MM-DD')),
    (2, 4, 1, to_date('2000-01-14', 'YYYY-MM-DD'), to_date('2000-01-29', 'YYYY-MM-DD')),

    (3, 4, 2, to_date('2010-01-14', 'YYYY-MM-DD'), to_date('2010-02-02', 'YYYY-MM-DD')),
    (4, 1, 2, to_date('2010-05-18', 'YYYY-MM-DD'), to_date('2010-06-01', 'YYYY-MM-DD')),

    (5, 4, 3, to_date('2014-10-13', 'YYYY-MM-DD'), to_date('2014-10-16', 'YYYY-MM-DD')),
    (6, 8, 3, to_date('2015-02-11', 'YYYY-MM-DD'), to_date('2015-02-25', 'YYYY-MM-DD')),

    (7, 11, 4, to_date('2019-07-07', 'YYYY-MM-DD'), to_date('2019-11-16', 'YYYY-MM-DD')),
    (8, 26, 4, to_date('2020-03-10', 'YYYY-MM-DD'), to_date('2020-08-02', 'YYYY-MM-DD')),

    (9, 15, 5, to_date('2024-01-12', 'YYYY-MM-DD'), to_date('2024-11-04', 'YYYY-MM-DD')),
    (10, 17, 5, to_date('2024-12-21', 'YYYY-MM-DD'), to_date('2025-08-15', 'YYYY-MM-DD')),
    (11, 22, 5, to_date('2025-09-01', 'YYYY-MM-DD'), to_date('2026-04-19', 'YYYY-MM-DD'));


INSERT INTO crew (expedition_id, astronaut_id, position_id) VALUES
     (1, 1, 2),
     (1, 2, 3),

     (2, 3, 2),
     (2, 4, 3),

     (3, 1, 2),
     (3, 2, 3),
     (3, 3, 4),

     (4, 7, 2),
     (4, 8, 3),
     (4, 3, 4),

     (5, 1, 1),
     (5, 2, 3),
     (5, 3, 2),
     (5, 4, 3),
     (5, 9, 6),

     (6, 3, 1),
     (6, 5, 2),
     (6, 6, 3),
     (6, 9, 6),
     (6, 10, 3),

     (7, 1, 1),
     (7, 5, 2),
     (7, 2, 5),
     (7, 17, 4),
     (7, 18, 3),
     (7, 22, 6),

     (8, 3, 1),
     (8, 11, 2),
     (8, 4, 5),
     (8, 9, 4),
     (8, 14, 3),
     (8, 20, 6),

     (9, 1, 1),
     (9, 5, 2),
     (9, 2, 5),
     (9, 17, 4),
     (9, 19, 4),
     (9, 18, 3),
     (9, 20, 3),
     (9, 22, 6),

     (10, 3, 1),
     (10, 11, 2),
     (10, 4, 5),
     (10, 9, 4),
     (10, 13, 4),
     (10, 10, 3),
     (10, 14, 3),
     (10, 20, 6),

     (11, 7, 1),
     (11, 15, 2),
     (11, 8, 5),
     (11, 21, 4),
     (11, 19, 4),
     (11, 22, 3),
     (11, 20, 3),
     (11, 14, 6);
